,geometry,address
0,GEOMETRYCOLLECTION EMPTY,
1,POINT (37.4182775 55.7308917),"Кунцевская улица, Кунцево, Москва, район Кунцево, Москва, Центральный федеральный округ, 121351, Россия"
2,POINT (37.8085947 55.8273783),"Курганская улица, район Гольяново, Москва, Центральный федеральный округ, 107065, Россия"
3,GEOMETRYCOLLECTION EMPTY,
4,GEOMETRYCOLLECTION EMPTY,
5,POINT (37.1963937 55.5850066),"Давыдково, поселение Марушкинское, Москва, Центральный федеральный округ, 108809, Россия"
6,POINT (37.6375537 55.8020063),"Кучин переулок, Жилой комплекс ""Парк Мира"", Алексеевский район, Москва, Центральный федеральный округ, 129085, Россия"
7,GEOMETRYCOLLECTION EMPTY,
8,GEOMETRYCOLLECTION EMPTY,
9,GEOMETRYCOLLECTION EMPTY,
10,POINT (37.3935498 55.889406),"Ландышевая улица, район Куркино, Москва, Центральный федеральный округ, 125466, Россия"
11,POINT (37.5087675 55.7640694),"улица Шеногина, район Хорошёво-Мнёвники, Москва, Центральный федеральный округ, 123007, Россия"
12,GEOMETRYCOLLECTION EMPTY,
13,POINT (37.65056 55.8039508),"Кулаков переулок, Алексеевский район, Москва, Центральный федеральный округ, 129626, Россия"
14,POINT (37.8513124 55.7081644),"Лениногорская улица, район Косино-Ухтомский, Москва, Центральный федеральный округ, 111625, Россия"
15,GEOMETRYCOLLECTION EMPTY,
16,POINT (37.2430709 55.4447117),"Былово, поселение Краснопахорское, Москва, Центральный федеральный округ, Россия"
17,GEOMETRYCOLLECTION EMPTY,
18,GEOMETRYCOLLECTION EMPTY,
19,POINT (37.6772516 55.7700005),"Лефортовский переулок, Басманный район, Москва, Центральный федеральный округ, 105005, Россия"
20,POINT (37.7426081 55.7904543),"Лечебная улица, район Соколиная Гора, Москва, Центральный федеральный округ, 105187, Россия"
21,POINT (37.5525741 55.8982978),"Лианозовский проезд, район Лианозово, Москва, Центральный федеральный округ, 127572, Россия"
22,GEOMETRYCOLLECTION EMPTY,
23,POINT (37.5688573 55.8413377),"Линейный проезд, Тимирязевский район, Москва, Центральный федеральный округ, 127238, Россия"
24,GEOMETRYCOLLECTION EMPTY,
25,POINT (37.5438405 55.6057703),"Литовский бульвар, район Ясенево, Москва, Центральный федеральный округ, 117593, Россия"
26,GEOMETRYCOLLECTION EMPTY,
27,GEOMETRYCOLLECTION EMPTY,
28,GEOMETRYCOLLECTION EMPTY,
29,POINT (37.7904346 55.6937853),"Кузьминская улица, район Кузьминки, Москва, Центральный федеральный округ, 109472, Россия"
30,GEOMETRYCOLLECTION EMPTY,
31,GEOMETRYCOLLECTION EMPTY,
32,GEOMETRYCOLLECTION EMPTY,
33,POINT (37.5868893 55.7515134),"Композиторская улица, район Арбат, Москва, Центральный федеральный округ, 121099, Россия"
34,GEOMETRYCOLLECTION EMPTY,
35,GEOMETRYCOLLECTION EMPTY,
36,POINT (37.4823667 55.8456918),"Конаковский проезд, Головинский район, Москва, Центральный федеральный округ, 125565, Россия"
37,POINT (37.6897211 55.7701137),"Кондрашёвский тупик, Басманный район, Москва, Центральный федеральный округ, 105082, Россия"
38,POINT (37.5698994 55.723645),"Кооперативная улица, Квартал №533, район Хамовники, Москва, Центральный федеральный округ, 119048, Россия"
39,GEOMETRYCOLLECTION EMPTY,
40,POINT (37.5255429 55.8309942),"Коптевский бульвар, Коптево, Москва, район Коптево, Москва, Центральный федеральный округ, 125239, Россия"
41,POINT (36.9402357 55.4641504),"Яковлевское, поселение Новофёдоровское, Москва, Центральный федеральный округ, Россия"
42,POINT (37.664798 55.7486637),"Костомаровская набережная, Таганский район, Москва, Центральный федеральный округ, 105120, Россия"
43,POINT (37.1091943 55.6017314),"Озёрная улица, Крёкшино, совхоза Крёкшино, поселение Марушкинское, Москва, Центральный федеральный округ, 143391, Россия"
44,GEOMETRYCOLLECTION EMPTY,
45,GEOMETRYCOLLECTION EMPTY,
46,POINT (37.5450341 55.7635042),"Красногвардейский бульвар, Пресненский район, Москва, Центральный федеральный округ, 123317, Россия"
47,GEOMETRYCOLLECTION EMPTY,
48,GEOMETRYCOLLECTION EMPTY,
49,POINT (37.7068734 55.7548295),"Красноказарменный проезд, Квартал Свобода, район Лефортово, Москва, Центральный федеральный округ, 111250, Россия"
50,POINT (37.6739179 55.7871599),"улица Шумкина, Сокольники, Москва, район Сокольники, Москва, Центральный федеральный округ, 107113, Россия"
51,GEOMETRYCOLLECTION EMPTY,
52,POINT (37.7742002 55.7084805),"улица Шумилова, район Кузьминки, Москва, Центральный федеральный округ, 109443, Россия"
53,POINT (37.6134163 55.7479174),"Кремлёвская набережная, 15, 39, Тверской район, Москва, Центральный федеральный округ, 119019, Россия"
54,POINT (37.5898637 55.7479367),"Кривоарбатский переулок, 35, район Арбат, Москва, Центральный федеральный округ, 119002, Россия"
55,GEOMETRYCOLLECTION EMPTY,
56,GEOMETRYCOLLECTION EMPTY,
57,POINT (37.4060758 55.6459288),"улица Щорса, район Солнцево, Москва, Центральный федеральный округ, 119620, Россия"
58,POINT (36.9958302 55.2218249),"Каменка, поселение Роговское, Москва, Центральный федеральный округ, Россия"
59,GEOMETRYCOLLECTION EMPTY,
60,POINT (37.7152838 55.8770123),"Лосевская улица, Ярославский район, Москва, Центральный федеральный округ, 129347, Россия"
61,POINT (37.3320416 55.6355757),"улица Корнея Чуковского, ЖК «Переделкино Ближнее», поселение Внуковское, Москва, Центральный федеральный округ, 119634, Россия"
62,POINT (37.580552 55.7579119),"Малый Конюшковский переулок, Пресненский район, Москва, Центральный федеральный округ, 123242, Россия"
63,POINT (37.5322358 55.8094537),"Малый Коптевский проезд, район Аэропорт, Москва, Центральный федеральный округ, 125315, Россия"
64,POINT (37.5902003 55.741599),"Малый Лёвшинский переулок, 33, район Хамовники, Москва, Центральный федеральный округ, 119034, Россия"
65,POINT (37.5923797 55.750692),"Малый Николопесковский переулок, 35, район Арбат, Москва, Центральный федеральный округ, 119002, Россия"
66,POINT (37.66059 55.7522747),"Малый Полуярославский переулок, Таганский район, Москва, Центральный федеральный округ, 105120, Россия"
67,POINT (37.6079159 55.7668121),"Малый Путинковский переулок, 50, Тверской район, Москва, Центральный федеральный округ, 127006, Россия"
68,POINT (37.5589457 55.7314947),"Малый Саввинский переулок, 531, район Хамовники, Москва, Центральный федеральный округ, 119435, Россия"
69,POINT (37.6328645 55.7378682),"Малый Татарский переулок, район Замоскворечье, Москва, Центральный федеральный округ, 115184, Россия"
70,POINT (37.6191273 55.7419345),"Малый Толмачёвский переулок, район Якиманка, Москва, Центральный федеральный округ, 119017, Россия"
71,POINT (37.5989172 55.7663568),"Мамоновский переулок, 49, Тверской район, Москва, Центральный федеральный округ, 123001, Россия"
72,POINT (37.5942452 55.7400032),"Мансуровский переулок, 33, район Хамовники, Москва, Центральный федеральный округ, 119034, Россия"
73,POINT (37.6122333 55.7709947),"Малый Каретный переулок, Тверской район, Москва, Центральный федеральный округ, 127051, Россия"
74,POINT (37.3254436 55.6470531),"улица Ф. Энгельса, посёлок Литгазеты, ДСК «Мичуринец», поселение Внуковское, Москва, Центральный федеральный округ, 108850, Россия"
75,POINT (37.5809685 55.8193981),"улица Фонвизина, Бутырский район, Москва, Центральный федеральный округ, 127322, Россия"
76,GEOMETRYCOLLECTION EMPTY,
77,POINT (37.3850731 55.9114056),"Машкинское шоссе, район Куркино, Москва, Центральный федеральный округ, 141411, Россия"
78,GEOMETRYCOLLECTION EMPTY,
79,POINT (37.6880177 55.7406127),"Международная улица, Таганский район, Москва, Центральный федеральный округ, 109544, Россия"
80,GEOMETRYCOLLECTION EMPTY,
81,POINT (37.2638954 55.6358987),"Внуково, поселение Внуковское, Москва, Центральный федеральный округ, Россия"
82,POINT (37.5993217 55.753111),"Мерзляковский переулок, 36, район Арбат, Москва, Центральный федеральный округ, 121069, Россия"
83,POINT (37.6987499 55.816051),"Миллионная улица, Богородское, район Богородское, Москва, Центральный федеральный округ, 107564, Россия"
84,GEOMETRYCOLLECTION EMPTY,
85,GEOMETRYCOLLECTION EMPTY,
86,POINT (37.6017313 55.789514),"Минаевский переулок, район Марьина Роща, Москва, Центральный федеральный округ, 127055, Россия"
87,POINT (37.7392669 55.6744387),"Мариупольская улица, район Люблино, Москва, Центральный федеральный округ, 109382, Россия"
88,POINT (37.7107997 55.7679022),"Лонгиновская улица, район Лефортово, Москва, Центральный федеральный округ, 111020, Россия"
89,POINT (37.6546738 55.7611369),"Малый Казённый переулок, Ивановская горка, Басманный район, Москва, Центральный федеральный округ, 105064, Россия"
90,POINT (37.6047049 55.7469648),"Малый Знаменский переулок, 31, район Хамовники, Москва, Центральный федеральный округ, 119019, Россия"
91,POINT (37.3315539 55.5032228),"улица Дмитрия Рябинкина, Ватутинки, поселение Десёновское, Москва, Центральный федеральный округ, 142793, Россия"
92,POINT (37.3769826 55.5223769),"Десна, поселение Десёновское, Москва, Центральный федеральный округ, Россия"
93,GEOMETRYCOLLECTION EMPTY,
94,POINT (37.5554027 55.7228011),"Лужнецкий проезд, Лужники, район Хамовники, Москва, Центральный федеральный округ, 119048, Россия"
95,GEOMETRYCOLLECTION EMPTY,
96,POINT (37.6540095 55.7471381),"Лыщиков переулок, Таганский район, Москва, Центральный федеральный округ, 109240, Россия"
97,POINT (37.3601822 55.5093596),"Армейская улица, поселение Десёновское, Москва, Центральный федеральный округ, 142793, Россия"
98,GEOMETRYCOLLECTION EMPTY,
99,GEOMETRYCOLLECTION EMPTY,
100,GEOMETRYCOLLECTION EMPTY,
101,POINT (37.6857779 55.8786339),"Магаданская улица, Лосиноостровский район, Москва, Центральный федеральный округ, 129345, Россия"
102,POINT (37.7118332 55.7820709),"Мажоров переулок, район Соколиная Гора, Москва, Центральный федеральный округ, 107023, Россия"
103,POINT (37.6409613 55.7539521),"Малый Ивановский переулок, Ивановская горка, Басманный район, Москва, Центральный федеральный округ, 109028, Россия"
104,POINT (37.3322966 55.5018085),"1-я Ватутинская улица, Ватутинки, поселение Десёновское, Москва, Центральный федеральный округ, 142793, Россия"
105,POINT (37.6735978 55.7425738),"Малая Андроньевская улица, Таганский район, Москва, Центральный федеральный округ, 109544, Россия"
106,POINT (37.4777283 55.7334906),"улица Пивченкова, район Фили-Давыдково, Москва, Центральный федеральный округ, 121108, Россия"
107,GEOMETRYCOLLECTION EMPTY,
108,POINT (37.6376728 55.7906602),"Малая Переяславская улица, Мещанский район, Москва, Центральный федеральный округ, 129110, Россия"
109,POINT (37.2171164 55.3034918),"Ясенки, поселение Вороновское, Москва, Центральный федеральный округ, Россия"
110,GEOMETRYCOLLECTION EMPTY,
111,POINT (37.6188311 55.7091612),"Малая Тульская улица, Даниловский район, Москва, Центральный федеральный округ, 115191, Россия"
112,GEOMETRYCOLLECTION EMPTY,
113,GEOMETRYCOLLECTION EMPTY,
114,GEOMETRYCOLLECTION EMPTY,
115,POINT (37.5930978 55.7460291),"Малый Власьевский переулок, 33, район Хамовники, Москва, Центральный федеральный округ, 121002, Россия"
116,POINT (37.6345132 55.7592102),"Малый Златоустинский переулок, Ивановская горка, Басманный район, Москва, Центральный федеральный округ, 101000, Россия"
117,GEOMETRYCOLLECTION EMPTY,
118,POINT (37.458879 55.6071946),"Институтский проезд, Мосрентген, поселение ""Мосрентген"", Москва, Центральный федеральный округ, 108820, Россия"
119,GEOMETRYCOLLECTION EMPTY,
120,GEOMETRYCOLLECTION EMPTY,
121,POINT (37.7882246 55.7203597),"улица Паперника, Рязанский район, Москва, Центральный федеральный округ, 109456, Россия"
122,GEOMETRYCOLLECTION EMPTY,
123,POINT (37.746117 55.6749909),"проспект 40 лет Октября, район Люблино, Москва, Центральный федеральный округ, 109338, Россия"
124,GEOMETRYCOLLECTION EMPTY,
125,POINT (37.4473076 55.6728282),"Никулинская улица, район Очаково-Матвеевское, Москва, Центральный федеральный округ, 119361, Россия"
126,GEOMETRYCOLLECTION EMPTY,
127,POINT (37.6105074 55.8593142),"проезд Якушкина, район Отрадное, Москва, Центральный федеральный округ, 127273, Россия"
128,POINT (37.6510788 55.7424567),"5-й Котельнический переулок, Таганский район, Москва, Центральный федеральный округ, 115172, Россия"
129,POINT (37.5212972 55.8397888),"проезд Черепановых, Коптево, Москва, район Коптево, Москва, Центральный федеральный округ, 125008, Россия"
130,GEOMETRYCOLLECTION EMPTY,
131,POINT (37.73586 55.6741168),"Егорьевский проезд, район Люблино, Москва, Центральный федеральный округ, 109382, Россия"
132,POINT (37.4530657 55.6858721),"проезд Стройкомбината, район Очаково-Матвеевское, Москва, Центральный федеральный округ, 119530, Россия"
133,GEOMETRYCOLLECTION EMPTY,
134,POINT (37.6733794 55.7723165),"Елоховский проезд, Басманный район, Москва, Центральный федеральный округ, 105066, Россия"
135,GEOMETRYCOLLECTION EMPTY,
136,POINT (37.7786726 55.7037577),"Есенинский бульвар, район Кузьминки, Москва, Центральный федеральный округ, 109439, Россия"
137,POINT (37.6436323 55.7769345),"Живарев переулок, Красносельский район, Москва, Центральный федеральный округ, 129090, Россия"
138,POINT (37.7616206 55.7120138),"Жигулёвская улица, район Кузьминки, Москва, Центральный федеральный округ, 109457, Россия"
139,GEOMETRYCOLLECTION EMPTY,
140,POINT (37.6430027 55.7223438),"Жуков проезд, Даниловский район, Москва, Центральный федеральный округ, 115280, Россия"
141,POINT (37.4537888 55.8492557),"проезд Досфлота, район Южное Тушино, Москва, Центральный федеральный округ, 125364, Россия"
142,POINT (37.4180861 55.8480826),"проезд Донелайтиса, район Южное Тушино, Москва, Центральный федеральный округ, 125459, Россия"
143,POINT (37.7824765 55.7895927),"Заводской проезд, район Измайлово, Москва, Центральный федеральный округ, 105043, Россия"
144,POINT (37.5978343 55.8098816),"проезд Добролюбова, Бутырский район, Москва, Центральный федеральный округ, 127474, Россия"
145,GEOMETRYCOLLECTION EMPTY,
146,GEOMETRYCOLLECTION EMPTY,
147,GEOMETRYCOLLECTION EMPTY,
148,POINT (37.796473 56.0073299),"Акулово, район Восточный, Москва, Центральный федеральный округ, Россия"
149,GEOMETRYCOLLECTION EMPTY,
150,GEOMETRYCOLLECTION EMPTY,
151,POINT (37.7156225 55.8136162),"Глебовская улица, Богородское, район Богородское, Москва, Центральный федеральный округ, 107258, Россия"
152,POINT (37.6387427 55.7871523),"Глинистый переулок, Мещанский район, Москва, Центральный федеральный округ, 129110, Россия"
153,POINT (37.6104672 55.7633618),"Глинищевский переулок, 2, 50, Тверской район, Москва, Центральный федеральный округ, 125009, Россия"
154,GEOMETRYCOLLECTION EMPTY,
155,POINT (37.5127744 55.6433006),"улица Академика Арцимовича, район Коньково, Москва, Центральный федеральный округ, 117437, Россия"
156,POINT (37.7074611 55.7759515),"Гольяновская улица, Басманный район, Москва, Центральный федеральный округ, 105094, Россия"
157,POINT (37.6471178 55.7391766),"Гончарная набережная, Таганский район, Москва, Центральный федеральный округ, 115172, Россия"
158,POINT (37.6177085 55.7147594),"Городская улица, Даниловский район, Москва, Центральный федеральный округ, 115162, Россия"
159,POINT (37.6875889 55.7706923),"Госпитальный переулок, Басманный район, Москва, Центральный федеральный округ, 105005, Россия"
160,GEOMETRYCOLLECTION EMPTY,
161,GEOMETRYCOLLECTION EMPTY,
162,POINT (37.5279539 55.7920691),"улица Авиаконструктора Микояна, Ходынское поле, Хорошёвский район, Москва, Центральный федеральный округ, 125252, Россия"
163,POINT (37.6462476 55.7726007),"Докучаев переулок, Красносельский район, Москва, Центральный федеральный округ, 107078, Россия"
164,POINT (37.5911555 55.7595219),"Гранатный переулок, 47, Пресненский район, Москва, Центральный федеральный округ, 123001, Россия"
165,POINT (37.4350989 55.7204744),"Гродненская улица, Можайский, Москва, Можайский район, Москва, Центральный федеральный округ, 121471, Россия"
166,GEOMETRYCOLLECTION EMPTY,
167,POINT (37.6268216 55.7212762),"улица Павла Андреева, район Замоскворечье, Москва, Центральный федеральный округ, 115093, Россия"
168,POINT (37.6036742 55.7687245),"Дегтярный переулок, 49, Тверской район, Москва, Центральный федеральный округ, 125009, Россия"
169,POINT (37.6116727 55.7743972),"Делегатская улица, Тверской район, Москва, Центральный федеральный округ, 127473, Россия"
170,POINT (37.586091 55.7459301),"Денежный переулок, район Арбат, Москва, Центральный федеральный округ, 119002, Россия"
171,GEOMETRYCOLLECTION EMPTY,
172,POINT (43.4933827 56.0975075),"Вознесенский переулок, Богородск, Богородский муниципальный округ, Нижегородская область, Приволжский федеральный округ, 607605, Россия"
173,GEOMETRYCOLLECTION EMPTY,
174,POINT (37.2603263 55.6082457),"Дивизионная улица, Внуково, район Внуково, Москва, Центральный федеральный округ, 111674, Россия"
175,POINT (37.6161179 55.7620559),"Дмитровский переулок, 18, 62, Тверской район, Москва, Центральный федеральный округ, 107031, Россия"
176,GEOMETRYCOLLECTION EMPTY,
177,POINT (37.8675719 55.817419),"улица 9 Мая, Восточный, Москва, Центральный федеральный округ, 105173, Россия"
178,GEOMETRYCOLLECTION EMPTY,
179,POINT (37.7731255 55.7286288),"Зарайская улица, Рязанский район, Москва, Центральный федеральный округ, 109428, Россия"
180,GEOMETRYCOLLECTION EMPTY,
181,POINT (37.6193545 55.8113063),"Калибровская улица, Останкинский район, Москва, Центральный федеральный округ, 129075, Россия"
182,POINT (37.5921382 55.748533),"Калошин переулок, 35, район Арбат, Москва, Центральный федеральный округ, 119002, Россия"
183,GEOMETRYCOLLECTION EMPTY,
184,GEOMETRYCOLLECTION EMPTY,
185,GEOMETRYCOLLECTION EMPTY,
186,GEOMETRYCOLLECTION EMPTY,
187,POINT (37.3581906 55.5957356),"улица Хабарова, Московский, поселение Московский, Москва, Центральный федеральный округ, 142784, Россия"
188,GEOMETRYCOLLECTION EMPTY,
189,POINT (37.5347032 55.8936048),"Карельский бульвар, Дмитровский, Москва, Дмитровский район, Москва, Центральный федеральный округ, 127411, Россия"
190,GEOMETRYCOLLECTION EMPTY,
191,POINT (37.8538074 55.7060712),"Каскадная улица, район Косино-Ухтомский, Москва, Центральный федеральный округ, 111625, Россия"
192,POINT (37.4767436 55.5824187),"Газопровод, поселение Сосенское, Москва, Центральный федеральный округ, Россия"
193,GEOMETRYCOLLECTION EMPTY,
194,GEOMETRYCOLLECTION EMPTY,
195,GEOMETRYCOLLECTION EMPTY,
196,GEOMETRYCOLLECTION EMPTY,
197,GEOMETRYCOLLECTION EMPTY,
198,POINT (37.5094519 55.4979871),"Троицкая улица, СНТ «Рязаново», Остафьево, поселение Рязановское, Москва, Центральный федеральный округ, 117623, Россия"
199,GEOMETRYCOLLECTION EMPTY,
200,POINT (37.7328805 55.7780698),"Кирпичная улица, район Соколиная Гора, Москва, Центральный федеральный округ, 105679, Россия"
201,POINT (37.4870944 55.4996755),"Остафьево, поселение Рязановское, Москва, Центральный федеральный округ, Россия"
202,GEOMETRYCOLLECTION EMPTY,
203,GEOMETRYCOLLECTION EMPTY,
204,POINT (37.7373771 55.7427856),"шоссе Фрезер, Карачарово, Нижегородский район, Москва, Центральный федеральный округ, 109202, Россия"
205,POINT (37.6453498 55.7311864),"Кожевнический проезд, район Замоскворечье, Москва, Центральный федеральный округ, 115114, Россия"
206,POINT (37.6088865 55.764657),"Козицкий переулок, 50, Тверской район, Москва, Центральный федеральный округ, 125009, Россия"
207,GEOMETRYCOLLECTION EMPTY,
208,GEOMETRYCOLLECTION EMPTY,
209,GEOMETRYCOLLECTION EMPTY,
210,POINT (37.2562921 55.6127113),"Интернациональная улица, Внуково, район Внуково, Москва, Центральный федеральный округ, 108817, Россия"
211,POINT (37.6219151 55.7645913),"Звонарский переулок, Мещанский район, Москва, Центральный федеральный округ, 107031, Россия"
212,GEOMETRYCOLLECTION EMPTY,
213,POINT (37.5898204 55.7714292),"2-я Брестская улица, Тверской район, Москва, Центральный федеральный округ, 125047, Россия"
214,GEOMETRYCOLLECTION EMPTY,
215,GEOMETRYCOLLECTION EMPTY,
216,POINT (37.6392293 55.8111959),"Зубарев переулок, Алексеевский район, Москва, Центральный федеральный округ, 129164, Россия"
217,POINT (37.6336281 55.6808561),"1-й Нагатинский проезд, район Нагатино-Садовники, Москва, Центральный федеральный округ, 115230, Россия"
218,POINT (37.5805965 55.6655351),"Зюзинская улица, район Черёмушки, Москва, Центральный федеральный округ, 117418, Россия"
219,GEOMETRYCOLLECTION EMPTY,
220,POINT (37.4690901 55.8157671),"Иваньковское шоссе, район Покровское-Стрешнево, Москва, Центральный федеральный округ, 125367, Россия"
221,POINT (37.3745515 55.4346583),"Шаганино, поселение Щаповское, Москва, Центральный федеральный округ, 142144, Россия"
222,GEOMETRYCOLLECTION EMPTY,
223,POINT (37.4513597 55.611192),"улица Адмирала Корнилова, поселение Сосенское, Москва, Центральный федеральный округ, 108820, Россия"
224,POINT (37.5190693 55.8889974),"Ижорский проезд, Дмитровский, Москва, Дмитровский район, Москва, Центральный федеральный округ, 125412, Россия"
225,POINT (37.6558126 55.7446327),"Известковый переулок, Таганский район, Москва, Центральный федеральный округ, 109004, Россия"
226,POINT (37.7755451 55.7915925),"Измайловская площадь, район Измайлово, Москва, Центральный федеральный округ, 105037, Россия"
227,GEOMETRYCOLLECTION EMPTY,
228,GEOMETRYCOLLECTION EMPTY,
229,GEOMETRYCOLLECTION EMPTY,
230,GEOMETRYCOLLECTION EMPTY,
231,GEOMETRYCOLLECTION EMPTY,
232,GEOMETRYCOLLECTION EMPTY,
233,POINT (37.5433991 55.8859215),"Икшинская улица, Дмитровский, Москва, Дмитровский район, Москва, Центральный федеральный округ, 127411, Россия"
234,POINT (37.3556333 55.5789013),"Верхнее Валуево, поселение Филимонковское, Москва, Центральный федеральный округ, 142780, Россия"
235,GEOMETRYCOLLECTION EMPTY,
236,POINT (37.6149529 55.7834685),"Институтский переулок, район Марьина Роща, Москва, Центральный федеральный округ, 127055, Россия"
237,POINT (37.2537452 55.6125219),"Изваринская улица, Внуково, район Внуково, Москва, Центральный федеральный округ, 111674, Россия"
238,POINT (37.5879616 55.7440761),"Глазовский переулок, район Хамовники, Москва, Центральный федеральный округ, 119002, Россия"
239,GEOMETRYCOLLECTION EMPTY,
240,GEOMETRYCOLLECTION EMPTY,
241,POINT (37.6363492 55.7658564),"Тургеневская площадь, Красносельский район, Москва, Центральный федеральный округ, 101990, Россия"
242,POINT (37.6213348 55.7391073),"Пыжёвский переулок, район Якиманка, Москва, Центральный федеральный округ, 119017, Россия"
243,POINT (37.5418268 55.8628285),"Пяловская улица, район Западное Дегунино, Москва, Центральный федеральный округ, 125504, Россия"
244,POINT (37.584563 55.7477997),"Троилинский переулок, район Арбат, Москва, Центральный федеральный округ, 121099, Россия"
245,POINT (37.5954206 55.7694996),"Триумфальная площадь, Тверской район, Москва, Центральный федеральный округ, 123001, Россия"
246,POINT (37.6152868 55.7834989),"улица Советской Армии, Мещанский район, Москва, Центральный федеральный округ, 127030, Россия"
247,POINT (37.6716226 55.8604969),"Радужная улица, Бабушкинский район, Москва, Центральный федеральный округ, 129344, Россия"
248,POINT (37.665018 55.7383423),"Тихий тупик, Таганский район, Москва, Центральный федеральный округ, 109147, Россия"
249,POINT (37.5955822 55.786611),"Тихвинский переулок, Тверской район, Москва, Центральный федеральный округ, 127055, Россия"
250,POINT (37.6624084 55.8158745),"Рижский проезд, Алексеевский район, Москва, Центральный федеральный округ, 129626, Россия"
251,POINT (37.7472071 55.6850886),"Тихая улица, район Люблино, Москва, Центральный федеральный округ, 109387, Россия"
252,POINT (37.3903448 55.6323274),"Родниковая улица, район Солнцево, Москва, Центральный федеральный округ, 119297, Россия"
253,POINT (37.484163 55.8446068),"Пулковская улица, Головинский район, Москва, Центральный федеральный округ, 125565, Россия"
254,POINT (37.5515613 55.8337184),"Тимирязевский проезд, Тимирязевский район, Москва, Центральный федеральный округ, 127550, Россия"
255,POINT (37.6520388 55.7455338),"Тетеринский переулок, Таганский район, Москва, Центральный федеральный округ, 109004, Россия"
256,POINT (37.5373837 55.7459619),"Тестовская улица, Пресненский район, Москва, Центральный федеральный округ, 123317, Россия"
257,GEOMETRYCOLLECTION EMPTY,
258,POINT (37.6579029 55.8361633),"Ростокинская улица, Ростокино, Москва, район Ростокино, Москва, Центральный федеральный округ, 129128, Россия"
259,POINT (37.6491271 55.7505651),"Тессинский переулок, Таганский район, Москва, Центральный федеральный округ, 109028, Россия"
260,POINT (37.6368633 55.8599798),"Тенистый проезд, Свиблово, район Свиблово, Москва, Центральный федеральный округ, 129329, Россия"
261,POINT (37.6942912 55.772457),"Рубцов переулок, Басманный район, Москва, Центральный федеральный округ, 105082, Россия"
262,GEOMETRYCOLLECTION EMPTY,
263,POINT (37.7049309 55.7934511),"Русаковская набережная, Сокольники, Москва, район Сокольники, Москва, Центральный федеральный округ, 107076, Россия"
264,POINT (37.5563987 55.7913391),"Театральная аллея, район Аэропорт, Москва, Центральный федеральный округ, 125167, Россия"
265,GEOMETRYCOLLECTION EMPTY,
266,GEOMETRYCOLLECTION EMPTY,
267,POINT (37.6016038 55.6759372),"улица Ремизова, район Котловка, Москва, Центральный федеральный округ, 117186, Россия"
268,POINT (37.4541097 55.7960515),"улица Рогова, район Щукино, Москва, Центральный федеральный округ, 123103, Россия"
269,POINT (37.5861218 55.7323566),"Пуговишников переулок, 540, район Хамовники, Москва, Центральный федеральный округ, 115127, Россия"
270,POINT (37.6740543 55.6163107),"Прохладная улица, район Бирюлёво Восточное, Москва, Центральный федеральный округ, 115516, Россия"
271,POINT (37.6536981 55.7555067),"Подсосенский переулок, Басманный район, Москва, Центральный федеральный округ, 105062, Россия"
272,POINT (37.613682 55.7188047),"Хавская улица, Донской район, Москва, Центральный федеральный округ, 115162, Россия"
273,POINT (37.6025207 55.7411845),"Пожарский переулок, 33, район Хамовники, Москва, Центральный федеральный округ, 119034, Россия"
274,GEOMETRYCOLLECTION EMPTY,
275,POINT (37.6151933 55.6596649),"Фруктовая улица, Нагорный район, Москва, Центральный федеральный округ, 117638, Россия"
276,POINT (37.6353265 55.7655323),"Фролов переулок, Красносельский район, Москва, Центральный федеральный округ, 101000, Россия"
277,POINT (37.5741586 55.7921687),"Полтавская улица, Савёловский район, Москва, Центральный федеральный округ, 127220, Россия"
278,POINT (37.598259 55.7487532),"Филипповский переулок, 35, район Арбат, Москва, Центральный федеральный округ, 119019, Россия"
279,GEOMETRYCOLLECTION EMPTY,
280,POINT (37.6969298 55.783074),"Попов проезд, Сокольники, Москва, район Сокольники, Москва, Центральный федеральный округ, 107014, Россия"
281,POINT (37.5526618 55.7451376),"улица Раевского, район Дорогомилово, Москва, Центральный федеральный округ, 121151, Россия"
282,POINT (37.6816893 55.7701225),"Посланников переулок, Басманный район, Москва, Центральный федеральный округ, 105005, Россия"
283,POINT (37.4417003 55.7252208),"улица Ращупкина, Можайский, Москва, Можайский район, Москва, Центральный федеральный округ, 121374, Россия"
284,POINT (37.5798423 55.5634172),"Феодосийская улица, 7-й микрорайон, район Северное Бутово, Москва, Центральный федеральный округ, 117216, Россия"
285,POINT (37.5181371 55.833398),"Фармацевтический проезд, Коптево, Москва, район Коптево, Москва, Центральный федеральный округ, 125239, Россия"
286,POINT (37.5364544 55.8870007),"Учинская улица, 18-й микрорайон Дегунина, Дмитровский, Москва, Дмитровский район, Москва, Центральный федеральный округ, 127411, Россия"
287,POINT (37.7911777 55.7477807),"Утренняя улица, район Новогиреево, Москва, Центральный федеральный округ, 111394, Россия"
288,POINT (37.6089973 55.7693589),"Успенский переулок, Тверской район, Москва, Центральный федеральный округ, 127006, Россия"
289,POINT (37.4804552 55.879873),"Прибрежный проезд, район Ховрино, Москва, Центральный федеральный округ, 125475, Россия"
290,POINT (37.6617605 55.8522394),"Уржумская улица, Свиблово, район Свиблово, Москва, Центральный федеральный округ, 129343, Россия"
291,POINT (37.5192742 55.7604701),"Причальный проезд, Шелепиха, Пресненский район, Москва, Центральный федеральный округ, 123290, Россия"
292,POINT (37.3796603 55.6400058),"Производственная улица, район Солнцево, Москва, Центральный федеральный округ, 119619, Россия"
293,POINT (37.8361901 55.7599146),"Прокатная улица, район Ивановское, Москва, Центральный федеральный округ, 111578, Россия"
294,GEOMETRYCOLLECTION EMPTY,
295,GEOMETRYCOLLECTION EMPTY,
296,POINT (37.5815869 55.7503672),"Проточный переулок, район Арбат, Москва, Центральный федеральный округ, 121099, Россия"
297,POINT (37.7008781 55.8693805),"Федоскинская улица, Ярославский район, Москва, Центральный федеральный округ, 129337, Россия"
298,POINT (37.7088039 55.6484923),"Подольская улица, район Марьино, Москва, Центральный федеральный округ, 109651, Россия"
299,POINT (37.7003019 55.8818378),"Таёжная улица, Лосиноостровский район, Москва, Центральный федеральный округ, 129336, Россия"
300,POINT (37.8592324 55.684982),"Тарханская улица, 5-й микрорайон Жулебино, район Выхино-Жулебино, Москва, Центральный федеральный округ, 109156, Россия"
301,POINT (37.3580262 55.8310396),"улица Рословка, район Митино, Москва, Центральный федеральный округ, 125222, Россия"
302,POINT (37.59445 55.7567031),"Столовый переулок, 47, Пресненский район, Москва, Центральный федеральный округ, 121069, Россия"
303,POINT (37.6726492 55.7878319),"Старослободская улица, Сокольники, Москва, район Сокольники, Москва, Центральный федеральный округ, 107113, Россия"
304,POINT (37.5621788 55.7232255),"улица Савельева, Квартал №532, район Хамовники, Москва, Центральный федеральный округ, 119048, Россия"
305,POINT (37.5510587 55.5092512),"Староникольская улица, район Южное Бутово, Москва, Центральный федеральный округ, 117623, Россия"
306,POINT (37.6200124 55.7374767),"Старомонетный переулок, район Якиманка, Москва, Центральный федеральный округ, 115184, Россия"
307,POINT (37.612027 55.8039573),"Старомарьинское шоссе, район Марьина Роща, Москва, Центральный федеральный округ, 127521, Россия"
308,POINT (37.6024289 55.7442428),"Соймоновский проезд, 32, район Хамовники, Москва, Центральный федеральный округ, 119034, Россия"
309,POINT (37.5256598 55.8608389),"Солнечногорский проезд, Головинский район, Москва, Центральный федеральный округ, 125413, Россия"
310,POINT (37.6760101 55.8666237),"улица Рудневой, Бабушкинский район, Москва, Центральный федеральный округ, 129327, Россия"
311,GEOMETRYCOLLECTION EMPTY,
312,POINT (37.8008238 55.7071072),"Сормовский проезд, Выхино, район Выхино-Жулебино, Москва, Центральный федеральный округ, 109444, Россия"
313,POINT (37.6034015 55.7960325),"Стрелецкая улица, район Марьина Роща, Москва, Центральный федеральный округ, 127018, Россия"
314,POINT (37.4636565 55.8192784),"Сосновая аллея, район Покровское-Стрешнево, Москва, Центральный федеральный округ, 125367, Россия"
315,POINT (37.8189238 55.7489732),"Союзный проспект, район Новогиреево, Москва, Центральный федеральный округ, 111396, Россия"
316,POINT (37.5757681 55.5785357),"Старобитцевская улица, район Северное Бутово, Москва, Центральный федеральный округ, 117628, Россия"
317,POINT (37.6785519 55.7750486),"Спартаковский переулок, Басманный район, Москва, Центральный федеральный округ, 105082, Россия"
318,POINT (37.5757681 55.5785357),"Старобитцевская улица, район Северное Бутово, Москва, Центральный федеральный округ, 117628, Россия"
319,POINT (37.752945 55.6835227),"Спортивный проезд, район Люблино, Москва, Центральный федеральный округ, 109386, Россия"
320,POINT (37.5789727 55.7726061),"Средний Кондратьевский переулок, Пресненский район, Москва, Центральный федеральный округ, 123056, Россия"
321,POINT (37.6302231 55.7449482),"Средний Овчинниковский переулок, район Замоскворечье, Москва, Центральный федеральный округ, 115184, Россия"
322,POINT (37.7015136 55.7327202),"Средняя Калитниковская улица, Нижегородский район, Москва, Центральный федеральный округ, 109029, Россия"
323,POINT (37.6375305 55.8100445),"Староалексеевская улица, Алексеевский район, Москва, Центральный федеральный округ, 129085, Россия"
324,GEOMETRYCOLLECTION EMPTY,
325,POINT (37.6336016 55.771264),"Сретенский тупик, Красносельский район, Москва, Центральный федеральный округ, 107045, Россия"
326,POINT (37.7220541 55.8784497),"улица Ротерта, Ярославский район, Москва, Центральный федеральный округ, 129347, Россия"
327,POINT (37.6124554 55.7460651),"Софийская набережная, район Якиманка, Москва, Центральный федеральный округ, 119072, Россия"
328,GEOMETRYCOLLECTION EMPTY,
329,POINT (37.5401577 55.7627755),"Стрельбищенский переулок, Пресненский район, Москва, Центральный федеральный округ, 123317, Россия"
330,POINT (37.6744326 55.7337309),"Стройковская улица, Таганский район, Москва, Центральный федеральный округ, 109316, Россия"
331,POINT (37.5326603 55.6065674),"Тарусская улица, район Ясенево, Москва, Центральный федеральный округ, 117588, Россия"
332,POINT (37.6237101 55.7738449),"Садовая-Сухаревская улица, Мещанский район, Москва, Центральный федеральный округ, 127051, Россия"
333,POINT (37.6792312 55.7521991),"Таможенный проезд, район Лефортово, Москва, Центральный федеральный округ, 111033, Россия"
334,POINT (37.6318726 55.7431825),"Садовнический проезд, район Замоскворечье, Москва, Центральный федеральный округ, 115035, Россия"
335,GEOMETRYCOLLECTION EMPTY,
336,POINT (37.6374673 55.7592957),"Сверчков переулок, Ивановская горка, Басманный район, Москва, Центральный федеральный округ, 101000, Россия"
337,POINT (37.7550035 55.6808848),"Таганрогская улица, район Люблино, Москва, Центральный федеральный округ, 109386, Россия"
338,POINT (37.4662878 55.7739992),"улица Саляма Адиля, район Хорошёво-Мнёвники, Москва, Центральный федеральный округ, 123154, Россия"
339,GEOMETRYCOLLECTION EMPTY,
340,POINT (37.7043615 55.7363212),"улица Рогожский Посёлок, Нижегородский район, Москва, Центральный федеральный округ, 109052, Россия"
341,POINT (37.6735535 55.8928663),"Северодвинская улица, район Северное Медведково, Москва, Центральный федеральный округ, 127224, Россия"
342,POINT (37.6207232 55.6214482),"Сумская улица, район Чертаново Центральное, Москва, Центральный федеральный округ, 117587, Россия"
343,GEOMETRYCOLLECTION EMPTY,
344,POINT (37.6683566 55.7085384),"улица Сайкина, Южнопортовый район, Москва, Центральный федеральный округ, 115193, Россия"
345,POINT (37.5953766 55.7411935),"Сеченовский переулок, 33, район Хамовники, Москва, Центральный федеральный округ, 119034, Россия"
346,POINT (37.6834888 55.732878),"Сибирский проезд, Таганский район, Москва, Центральный федеральный округ, 109029, Россия"
347,POINT (37.605799 55.6597644),"Сивашская улица, район Зюзино, Москва, Центральный федеральный округ, 117638, Россия"
348,GEOMETRYCOLLECTION EMPTY,
349,GEOMETRYCOLLECTION EMPTY,
350,POINT (37.6140461 55.6637581),"Симферопольский проезд, Нагорный район, Москва, Центральный федеральный округ, 117638, Россия"
351,POINT (37.5754657 55.5463824),"Синельниковская улица, район Южное Бутово, Москва, Центральный федеральный округ, 117623, Россия"
352,POINT (37.5940262 55.7561366),"Скатертный переулок, 47, Пресненский район, Москва, Центральный федеральный округ, 121069, Россия"
353,GEOMETRYCOLLECTION EMPTY,
354,GEOMETRYCOLLECTION EMPTY,
355,POINT (37.6947391 55.7923174),"Стромынский переулок, Сокольники, Москва, район Сокольники, Москва, Центральный федеральный округ, 107076, Россия"
356,POINT (37.6415193 55.7732507),"Скорняжный переулок, Красносельский район, Москва, Центральный федеральный округ, 107078, Россия"
357,POINT (37.5453585 55.6094212),"улица Рокотова, район Ясенево, Москва, Центральный федеральный округ, 117593, Россия"
358,POINT (37.5594062 55.7952544),"Мирской переулок, район Аэропорт, Москва, Центральный федеральный округ, 127083, Россия"
359,POINT (37.8498499 55.6975938),"Хвалынский бульвар, Жулебино, район Выхино-Жулебино, Москва, Центральный федеральный округ, 109153, Россия"
360,POINT (37.6756524 55.7709717),"Плетешковский переулок, Басманный район, Москва, Центральный федеральный округ, 105005, Россия"
361,POINT (37.4396688 55.846231),"Нелидовская улица, район Южное Тушино, Москва, Центральный федеральный округ, 125363, Россия"
362,POINT (37.3926533 55.813138),"Неманский проезд, район Строгино, Мякинино, Москва, Центральный федеральный округ, 123592, Россия"
363,POINT (37.5843723 55.7305241),"Несвижский переулок, 540, район Хамовники, Москва, Центральный федеральный округ, 119034, Россия"
364,GEOMETRYCOLLECTION EMPTY,
365,POINT (37.7066297 55.7837713),"Нижний Журавлёв переулок, район Преображенское, Москва, Центральный федеральный округ, 107023, Россия"
366,POINT (37.6221159 55.7651854),"Нижний Кисельный переулок, Мещанский район, Москва, Центральный федеральный округ, 107031, Россия"
367,GEOMETRYCOLLECTION EMPTY,
368,POINT (37.6104342 55.7571576),"Никитский переулок, 18, 57, Тверской район, Москва, Центральный федеральный округ, 125009, Россия"
369,GEOMETRYCOLLECTION EMPTY,
370,POINT (37.5392496 55.8834866),"Яхромская улица, 18-й микрорайон Дегунина, Дмитровский, Москва, Дмитровский район, Москва, Центральный федеральный округ, 127411, Россия"
371,POINT (37.645707 55.751092),"Яузский бульвар, Таганский район, Москва, Центральный федеральный округ, 109028, Россия"
372,POINT (37.5347476 55.6058019),"Ясногорская улица, район Ясенево, Москва, Центральный федеральный округ, 117588, Россия"
373,GEOMETRYCOLLECTION EMPTY,
374,GEOMETRYCOLLECTION EMPTY,
375,GEOMETRYCOLLECTION EMPTY,
376,GEOMETRYCOLLECTION EMPTY,
377,POINT (37.5355832 55.7594082),"улица Подвойского, Камушки, Пресненский район, Москва, Центральный федеральный округ, 123317, Россия"
378,POINT (37.684759 55.8697028),"Янтарный проезд, Лосиноостровский район, Москва, Центральный федеральный округ, 129346, Россия"
379,POINT (37.6116116 55.6526158),"Ялтинская улица, Нагорный район, Москва, Центральный федеральный округ, 117452, Россия"
380,POINT (37.6110485 55.7330921),"Якиманский переулок, район Якиманка, Москва, Центральный федеральный округ, 119049, Россия"
381,POINT (37.3574521 55.7918436),"Новолучанская улица, Рублёво, район Кунцево, Москва, Центральный федеральный округ, 143405, Россия"
382,POINT (37.6267496 55.8655933),"Юрловский проезд, район Отрадное, Москва, Центральный федеральный округ, 127081, Россия"
383,GEOMETRYCOLLECTION EMPTY,
384,POINT (37.6810444 55.7227358),"Новоостаповская улица, Южнопортовый район, Москва, Центральный федеральный округ, 115088, Россия"
385,GEOMETRYCOLLECTION EMPTY,
386,GEOMETRYCOLLECTION EMPTY,
387,POINT (37.5900793 55.8531026),"Нововладыкинский проезд, район Отрадное, Москва, Центральный федеральный округ, 127106, Россия"
388,POINT (37.6527209 55.7624471),"улица Покровка, Ивановская горка, Басманный район, Москва, Центральный федеральный округ, 105062, Россия"
389,GEOMETRYCOLLECTION EMPTY,
390,POINT (37.5470137 55.6566505),"Научный проезд, район Черёмушки, Москва, Центральный федеральный округ, 117246, Россия"
391,POINT (37.5942436 55.7769722),"Миусская площадь, Тверской район, Москва, Центральный федеральный округ, 125047, Россия"
392,GEOMETRYCOLLECTION EMPTY,
393,POINT (37.6692423 55.5762017),"Михневский проезд, район Бирюлёво Восточное, Москва, Центральный федеральный округ, 115547, Россия"
394,GEOMETRYCOLLECTION EMPTY,
395,POINT (37.5610835 55.7979352),"Мишина улица, Савёловский район, Москва, Центральный федеральный округ, 127083, Россия"
396,POINT (37.5993051 55.7743703),"улица Фадеева, Тверской район, Москва, Центральный федеральный округ, 125047, Россия"
397,GEOMETRYCOLLECTION EMPTY,
398,POINT (37.8481627 55.7445005),"Молодёжная улица, район Новокосино, Москва, городской округ Реутов, Москва, Центральный федеральный округ, 143965, Россия"
399,GEOMETRYCOLLECTION EMPTY,
400,GEOMETRYCOLLECTION EMPTY,
401,POINT (37.7030477 55.7844716),"площадь Журавлёва, район Преображенское, Москва, Центральный федеральный округ, 107023, Россия"
402,POINT (37.6658846 55.7570681),"Мрузовский переулок, Басманный район, Москва, Центральный федеральный округ, 105120, Россия"
403,GEOMETRYCOLLECTION EMPTY,
404,POINT (37.5789817 55.7299243),"переулок Хользунова, 540, район Хамовники, Москва, Центральный федеральный округ, 119882, Россия"
405,POINT (37.5752932 55.7853312),"переулок Расковой, район Беговой, Москва, Центральный федеральный округ, 125040, Россия"
406,POINT (37.656519 55.7375782),"переулок Маяковского, Таганский район, Москва, Центральный федеральный округ, 109147, Россия"
407,POINT (37.5857296 55.7683168),"переулок Красина, Пресненский район, Москва, Центральный федеральный округ, 123056, Россия"
408,POINT (37.6268869 55.776441),"переулок Васнецова, Мещанский район, Москва, Центральный федеральный округ, 129090, Россия"
409,GEOMETRYCOLLECTION EMPTY,
410,GEOMETRYCOLLECTION EMPTY,
411,GEOMETRYCOLLECTION EMPTY,
412,POINT (37.5922672 55.6747401),"Нагорный бульвар, район Котловка, Москва, Центральный федеральный округ, 117186, Россия"
413,POINT (37.631164 55.7882513),"Напрудный переулок, Мещанский район, Москва, Центральный федеральный округ, 129110, Россия"
414,POINT (37.5025868 55.8435514),"Нарвская улица, Головинский район, Москва, Центральный федеральный округ, 125499, Россия"
415,POINT (37.3908815 55.6566795),"Наро-Фоминская улица, район Солнцево, Москва, Центральный федеральный округ, 119619, Россия"
416,POINT (37.7475312 55.7872061),"Народный проспект, район Измайлово, Москва, Центральный федеральный округ, 105187, Россия"
417,POINT (37.7453621 55.7643436),"улица Уткина, район Соколиная Гора, Москва, Центральный федеральный округ, 105275, Россия"
418,POINT (37.5995005 55.7375846),"Хилков переулок, район Хамовники, Москва, Центральный федеральный округ, 119034, Россия"
419,POINT (37.5742209 55.7661436),"Новопресненский переулок, Пресненский район, Москва, Центральный федеральный округ, 123557, Россия"
420,GEOMETRYCOLLECTION EMPTY,
421,POINT (37.61638077919738 55.6451658),"Черноморский бульвар, Нагорный район, Москва, Центральный федеральный округ, Россия"
422,POINT (37.7854836 55.8202465),"Черницынский проезд, Черницыно, район Гольяново, Москва, Центральный федеральный округ, 107241, Россия"
423,POINT (37.8096802 55.6758533),"улица Степана Шутова, район Выхино-Жулебино, Москва, Центральный федеральный округ, 109380, Россия"
424,POINT (37.6258631 55.7444167),"Черниговский переулок, район Замоскворечье, Москва, Центральный федеральный округ, 115035, Россия"
425,POINT (37.6089538 55.8549348),"Отрадный проезд, район Отрадное, Москва, Центральный федеральный округ, 127273, Россия"
426,POINT (37.63566 55.8889938),"Чермянский проезд, район Северное Медведково, Москва, Центральный федеральный округ, 127282, Россия"
427,GEOMETRYCOLLECTION EMPTY,
428,POINT (37.6317741 55.8850023),"Чермянская улица, район Южное Медведково, Москва, Центральный федеральный округ, 127282, Россия"
429,POINT (37.7047325 55.8818961),"Челюскинская улица, Лосиноостровский район, Москва, Центральный федеральный округ, 129336, Россия"
430,POINT (37.4530995 55.8474862),"Парусный проезд, район Южное Тушино, Москва, Центральный федеральный округ, 125364, Россия"
431,POINT (37.6681371 55.5958482),"Педагогическая улица, Бирюлёво, район Бирюлёво Восточное, Москва, Центральный федеральный округ, 115404, Россия"
432,POINT (37.3566752 55.8325416),"Пенягинская улица, район Митино, Москва, Центральный федеральный округ, 125430, Россия"
433,GEOMETRYCOLLECTION EMPTY,
434,POINT (37.6445029 55.7569744),"Хохловский переулок, Ивановская горка, Басманный район, Москва, Центральный федеральный округ, 109028, Россия"
435,POINT (37.7039441 55.7439215),"Перовский проезд, район Лефортово, Москва, Центральный федеральный округ, 111024, Россия"
436,POINT (37.6599138 55.7462767),"Пестовский переулок, Таганский район, Москва, Центральный федеральный округ, 109004, Россия"
437,POINT (37.5169434 55.8039069),"Песчаная улица, район Сокол, Москва, Центральный федеральный округ, 125057, Россия"
438,POINT (37.5103876 55.7990337),"Песчаный переулок, посёлок Сокол, район Сокол, Москва, Центральный федеральный округ, 125252, Россия"
439,POINT (37.6368464 55.757338),"Петроверигский переулок, Ивановская горка, Басманный район, Москва, Центральный федеральный округ, 101000, Россия"
440,GEOMETRYCOLLECTION EMPTY,
441,POINT (37.6024982 55.7574716),"Хлыновский тупик, 53, Пресненский район, Москва, Центральный федеральный округ, 125009, Россия"
442,POINT (37.5702055 55.7905183),"Петровско-Разумовская аллея, район Аэропорт, Москва, Центральный федеральный округ, 127083, Россия"
443,POINT (37.5943947 55.7554116),"Хлебный переулок, 36, район Арбат, Москва, Центральный федеральный округ, 121069, Россия"
444,POINT (37.644361 55.7534049),"Хитровский переулок, Ивановская горка, Басманный район, Москва, Центральный федеральный округ, 109028, Россия"
445,POINT (37.6651415 55.8642365),"Печорская улица, Бабушкинский район, Москва, Центральный федеральный округ, 129344, Россия"
446,POINT (37.554403 55.7444193),"Платовская улица, район Дорогомилово, Москва, Центральный федеральный округ, 121151, Россия"
447,GEOMETRYCOLLECTION EMPTY,
448,POINT (37.3619831 55.7874973),"Новорублёвская улица, Рублёво, район Кунцево, Москва, Центральный федеральный округ, 121500, Россия"
449,POINT (37.5370257 55.5342355),"Чечёрский проезд, район Южное Бутово, Москва, Центральный федеральный округ, 117041, Россия"
450,GEOMETRYCOLLECTION EMPTY,
451,POINT (37.8207577 55.81476),"Новосибирская улица, район Гольяново, Москва, Центральный федеральный округ, 107589, Россия"
452,POINT (37.576229 55.7717114),"Электрический переулок, Пресненский район, Москва, Центральный федеральный округ, 123557, Россия"
453,POINT (37.4971691 55.7782452),"Новохорошёвский проезд, район Хорошёво-Мнёвники, Москва, Центральный федеральный округ, 123308, Россия"
454,GEOMETRYCOLLECTION EMPTY,
455,POINT (37.7784132 55.806367),"Щёлковский проезд, район Северное Измайлово, Москва, Центральный федеральный округ, 105425, Россия"
456,POINT (37.5317248 55.7794666),"улица Полины Осипенко, Хорошёвский район, Москва, Центральный федеральный округ, 123007, Россия"
457,GEOMETRYCOLLECTION EMPTY,
458,POINT (37.6956098 55.876327),"Норильская улица, Лосиноостровский район, Москва, Центральный федеральный округ, 129346, Россия"
459,POINT (37.5784767 55.7464711),"Шубинский переулок, район Арбат, Москва, Центральный федеральный округ, 121099, Россия"
460,POINT (37.446785 55.84575),"Штурвальная улица, район Южное Тушино, Москва, Центральный федеральный округ, 125364, Россия"
461,POINT (37.5713491 55.5799077),"улица Поляны, район Северное Бутово, Москва, Центральный федеральный округ, 117042, Россия"
462,GEOMETRYCOLLECTION EMPTY,
463,POINT (37.6500153 55.8667644),"Чукотский проезд, Бабушкинский район, Москва, Центральный федеральный округ, 127642, Россия"
464,GEOMETRYCOLLECTION EMPTY,
465,GEOMETRYCOLLECTION EMPTY,
466,GEOMETRYCOLLECTION EMPTY,
467,POINT (37.7026334 55.7463966),"Шепелюгинская улица, Квартал Свобода, район Лефортово, Москва, Центральный федеральный округ, 111024, Россия"
468,POINT (37.6592399 55.8729486),"Олонецкий проезд, Бабушкинский район, Москва, Центральный федеральный округ, 129282, Россия"
469,POINT (37.4529283 55.6817548),"улица Пржевальского, район Очаково-Матвеевское, Москва, Центральный федеральный округ, 119361, Россия"
470,POINT (37.8645172 55.7123234),"Оренбургская улица, район Косино-Ухтомский, Москва, Центральный федеральный округ, 111621, Россия"
471,POINT (37.7484368 55.7314107),"Орехово-Зуевский проезд, Карачарово, Нижегородский район, Москва, Центральный федеральный округ, 130203, Россия"
472,GEOMETRYCOLLECTION EMPTY,
473,POINT (37.5577309 55.8064584),"Чуксин тупик, Тимирязевский район, Москва, Центральный федеральный округ, 127206, Россия"
474,GEOMETRYCOLLECTION EMPTY,
475,GEOMETRYCOLLECTION EMPTY,
476,GEOMETRYCOLLECTION EMPTY,
477,GEOMETRYCOLLECTION EMPTY,
478,POINT (37.6808888 55.7475459),"Гжельский переулок, Таганский район, Москва, Центральный федеральный округ, 105120, Россия"
479,GEOMETRYCOLLECTION EMPTY,
480,POINT (37.5783915 55.8830363),"Стандартная улица, Алтуфьевский район, Москва, Центральный федеральный округ, 127410, Россия"
481,POINT (37.7083144 55.7839799),"Барабанный переулок, район Соколиная Гора, Москва, Центральный федеральный округ, 107023, Россия"
482,GEOMETRYCOLLECTION EMPTY,
483,POINT (37.612315 55.7825885),"улица Достоевского, Тверской район, Москва, Центральный федеральный округ, 127473, Россия"
484,POINT (37.7418217 55.7385508),"Басовская улица, Карачарово, Нижегородский район, Москва, Центральный федеральный округ, 109202, Россия"
485,POINT (37.6527379 55.8389826),"улица Докукина, Ростокино, Москва, район Ростокино, Москва, Центральный федеральный округ, 127490, Россия"
486,GEOMETRYCOLLECTION EMPTY,
487,POINT (37.608204 55.7770783),"2-й Щемиловский переулок, Тверской район, Москва, Центральный федеральный округ, 127473, Россия"
488,POINT (37.5772631 55.8054608),"2-й Хуторской переулок, Савёловский район, Москва, Центральный федеральный округ, 127287, Россия"
489,POINT (37.6327618 55.7867481),"Банный проезд, Мещанский район, Москва, Центральный федеральный округ, 129110, Россия"
490,GEOMETRYCOLLECTION EMPTY,
491,POINT (37.6065861 55.7976076),"2-й Стрелецкий проезд, район Марьина Роща, Москва, Центральный федеральный округ, 127018, Россия"
492,POINT (37.7115758 55.7888734),"улица Девятая Рота, район Преображенское, Москва, Центральный федеральный округ, 107023, Россия"
493,POINT (37.5358367 55.7308636),"2-й Сетуньский проезд, Сетунь, район Раменки, Москва, Центральный федеральный округ, 119136, Россия"
494,POINT (86.030069 55.3552008),"Тушинская улица, Заводский район, Кемерово, Кемеровский городской округ, Кемеровская область, Сибирский федеральный округ, 650021, Россия"
495,GEOMETRYCOLLECTION EMPTY,
496,POINT (37.6493907 55.749223),"Берниковская набережная, Таганский район, Москва, Центральный федеральный округ, 109240, Россия"
497,GEOMETRYCOLLECTION EMPTY,
498,POINT (37.6438558 55.8332716),"2-й Сельскохозяйственный проезд, Ростокино, Москва, район Ростокино, Москва, Центральный федеральный округ, 129226, Россия"
499,POINT (37.4866006 55.7709023),"улица Демьяна Бедного, район Хорошёво-Мнёвники, Москва, Центральный федеральный округ, 123308, Россия"
500,POINT (37.5121568 55.8069937),"Балтийская улица, район Аэропорт, Москва, Центральный федеральный округ, 125493, Россия"
501,GEOMETRYCOLLECTION EMPTY,
502,GEOMETRYCOLLECTION EMPTY,
503,POINT (37.4065913 55.7237495),"улица Кубинка, Сетунь, Можайский, Москва, Можайский район, Москва, Центральный федеральный округ, 121451, Россия"
504,POINT (37.7785872 55.7956393),"2-я Прядильная улица, район Измайлово, Москва, Центральный федеральный округ, 105037, Россия"
505,POINT (37.6395087 55.7629643),"Архангельский переулок, Ивановская горка, Басманный район, Москва, Центральный федеральный округ, 101000, Россия"
506,POINT (37.5621591 55.8122052),"Астрадамский проезд, Тимирязевский район, Москва, Центральный федеральный округ, 127206, Россия"
507,POINT (37.6336867 55.7677152),"Ащеулов переулок, Красносельский район, Москва, Центральный федеральный округ, 107045, Россия"
508,POINT (37.6842554 55.8745434),"2-я Напрудная улица, Лосиноостровский район, Москва, Центральный федеральный округ, 129345, Россия"
509,POINT (37.5827506 55.7954613),"2-я Квесисская улица, Савёловский район, Москва, Центральный федеральный округ, 127015, Россия"
510,GEOMETRYCOLLECTION EMPTY,
511,POINT (37.6892102 55.7901581),"Бабаевская улица, Сокольники, Москва, район Сокольники, Москва, Центральный федеральный округ, 107014, Россия"
512,POINT (37.4157435 55.7210833),"улица Кутузова, Можайский, Москва, Можайский район, Москва, Центральный федеральный округ, 121354, Россия"
513,POINT (37.7207958 55.6860136),"улица Кухмистерова, район Печатники, Москва, Центральный федеральный округ, 109389, Россия"
514,GEOMETRYCOLLECTION EMPTY,
515,POINT (37.6714062 55.7279493),"2-я Дубровская улица, Таганский район, Москва, Центральный федеральный округ, 109044, Россия"
516,POINT (37.259988 55.615068),"Базовая улица, Внуково, район Внуково, Москва, Центральный федеральный округ, 111674, Россия"
517,POINT (37.7029126 55.8121979),"2-я Гражданская улица, Богородское, район Богородское, Москва, Центральный федеральный округ, 107564, Россия"
518,POINT (37.5637889 55.8197467),"улица Дубки, Тимирязевский район, Москва, Центральный федеральный округ, 127562, Россия"
519,POINT (37.710956 55.7553629),"улица Лапина, Квартал Свобода, Дангауэровка, район Лефортово, Москва, Центральный федеральный округ, 111116, Россия"
520,POINT (30.7392685 47.7170267),"Шкільна вулиця, Захарівка, Врадіївська селищна громада, Первомайський район, Миколаївська область, 56331, Україна"
521,GEOMETRYCOLLECTION EMPTY,
522,POINT (37.6038829 55.7062534),"2-й Рощинский проезд, Донской район, Москва, Центральный федеральный округ, 115419, Россия"
523,GEOMETRYCOLLECTION EMPTY,
524,POINT (37.557024 55.8635568),"Бескудниковский переулок, Бескудниковский район, Москва, Центральный федеральный округ, 127474, Россия"
525,POINT (37.6805245 55.7920784),"2-й Полевой переулок, Сокольники, Москва, район Сокольники, Москва, Центральный федеральный округ, 101113, Россия"
526,POINT (37.6230042 55.7438826),"2-й Кадашёвский переулок, район Якиманка, Москва, Центральный федеральный округ, 115035, Россия"
527,POINT (37.3023304 55.6075716),"Большая Внуковская улица, Внуково, район Внуково, Москва, Центральный федеральный округ, 111674, Россия"
528,POINT (37.7142279 55.749358),"2-й Кабельный проезд, Дангауэровка, район Лефортово, Москва, Центральный федеральный округ, 111024, Россия"
529,POINT (37.7697888 55.8170049),"2-й Иртышский проезд, район Гольяново, Москва, Центральный федеральный округ, 105425, Россия"
530,POINT (37.6079561 55.791239),"2-й Вышеславцев переулок, район Марьина Роща, Москва, Центральный федеральный округ, 127018, Россия"
531,POINT (37.5682883 55.7555854),"улица Николаева, Пресненский район, Москва, Центральный федеральный округ, 123100, Россия"
532,POINT (37.4657818 55.7977866),"улица Гамалеи, Октябрьское Поле, район Щукино, Москва, Центральный федеральный округ, 123098, Россия"
533,POINT (37.6530908 55.7432664),"улица Высоцкого, Таганский район, Москва, Центральный федеральный округ, 109240, Россия"
534,GEOMETRYCOLLECTION EMPTY,
535,GEOMETRYCOLLECTION EMPTY,
536,GEOMETRYCOLLECTION EMPTY,
537,POINT (37.6041404 55.7092846),"2-й Верхний Михайловский проезд, Донской район, Москва, Центральный федеральный округ, 115419, Россия"
538,POINT (37.5577582 55.7799778),"2-й Боткинский проезд, район Беговой, Москва, Центральный федеральный округ, 125284, Россия"
539,POINT (37.5239811 55.8082544),"2-й Балтийский переулок, район Аэропорт, Москва, Центральный федеральный округ, 125315, Россия"
540,GEOMETRYCOLLECTION EMPTY,
541,POINT (37.6093631 55.8093758),"17-й проезд Марьиной Рощи, Бутырский район, Москва, Центральный федеральный округ, 127521, Россия"
542,POINT (37.9266286 55.6982348),"улица Льва Яшина, Некрасовка, Москва, район Некрасовка, городской округ Люберцы, Москва, Центральный федеральный округ, 100332, Россия"
543,POINT (37.8148617 55.791256),"14-я Парковая улица, район Восточное Измайлово, Москва, Центральный федеральный округ, 105203, Россия"
544,GEOMETRYCOLLECTION EMPTY,
545,GEOMETRYCOLLECTION EMPTY,
546,POINT (37.7525422 55.6749732),"Армавирская улица, район Люблино, Москва, Центральный федеральный округ, 109382, Россия"
547,POINT (37.5162671 55.7370255),"улица Генерала Ермолова, район Дорогомилово, Москва, Центральный федеральный округ, 119296, Россия"
548,POINT (37.6134124 55.7692859),"2-й Колобовский переулок, Тверской район, Москва, Центральный федеральный округ, 127051, Россия"
549,POINT (37.5527057 55.8763742),"Бескудниковский проезд, Бескудниковский район, Москва, Центральный федеральный округ, 127474, Россия"
550,POINT (37.5897579 55.8156203),"улица Гончарова, Бутырский район, Москва, Центральный федеральный округ, 127254, Россия"
551,POINT (37.6704628 55.7444017),"Библиотечная улица, Таганский район, Москва, Центральный федеральный округ, 109544, Россия"
552,POINT (37.6981898 55.7563636),"улица Лефортовский Вал, Квартал Свобода, район Лефортово, Москва, Центральный федеральный округ, 111250, Россия"
553,POINT (37.6048621 55.7416508),"2-й Обыденский переулок, 32, район Хамовники, Москва, Центральный федеральный округ, 119034, Россия"
554,POINT (37.5107774 55.8156337),"2-й Новоподмосковный переулок, Войковский район, Москва, Центральный федеральный округ, 125493, Россия"
555,GEOMETRYCOLLECTION EMPTY,
556,POINT (37.6307237 55.7340354),"2-й Новокузнецкий переулок, район Замоскворечье, Москва, Центральный федеральный округ, 115184, Россия"
557,POINT (37.6656946 55.5868759),"Бирюлёвская улица, Бирюлёво, район Бирюлёво Восточное, Москва, Центральный федеральный округ, 115372, Россия"
558,POINT (37.5824884 55.7399302),"2-й Неопалимовский переулок, 540, район Хамовники, Москва, Центральный федеральный округ, 119121, Россия"
559,POINT (37.5732532 55.8373282),"улица Линии Октябрьской Железной Дороги, Тимирязевский район, Москва, Центральный федеральный округ, 127238, Россия"
560,POINT (37.5225711 55.7671122),"2-й Магистральный тупик, Хорошёвский район, Москва, Центральный федеральный округ, 123007, Россия"
561,POINT (37.6234994 55.7561957),"Богоявленский переулок, 4, Китай-город, Тверской район, Москва, Центральный федеральный округ, 109012, Россия"
562,POINT (37.6560402 55.8016855),"2-й Лучевой просек, Москва, район Сокольники, Москва, Центральный федеральный округ, 107014, Россия"
563,POINT (37.6995627 55.6521816),"2-й Курьяновский проезд, район Печатники, Москва, Центральный федеральный округ, 109235, Россия"
564,POINT (37.6635718 55.7820264),"2-й Красносельский переулок, Красносельский район, Москва, Центральный федеральный округ, 107140, Россия"
565,POINT (37.6172646 55.7809959),"Суворовская площадь, Мещанский район, Москва, Центральный федеральный округ, 127473, Россия"
566,POINT (37.6339014 55.7861407),"Больничный переулок, Мещанский район, Москва, Центральный федеральный округ, 129110, Россия"
567,GEOMETRYCOLLECTION EMPTY,
568,GEOMETRYCOLLECTION EMPTY,
569,POINT (37.6078741 55.8025471),"Анненский проезд, район Марьина Роща, Москва, Центральный федеральный округ, 127521, Россия"
570,POINT (37.610078 55.8046369),"Анненская улица, район Марьина Роща, Москва, Центральный федеральный округ, 127521, Россия"
571,POINT (37.6678894 55.7464105),"Андроньевская площадь, Таганский район, Москва, Центральный федеральный округ, 105120, Россия"
572,POINT (37.6510788 55.7424567),"5-й Котельнический переулок, Таганский район, Москва, Центральный федеральный округ, 115172, Россия"
573,POINT (37.6336077 55.7325894),"5-й Монетчиковский переулок, район Замоскворечье, Москва, Центральный федеральный округ, 115054, Россия"
574,POINT (37.6135392 55.7104973),"5-й Рощинский проезд, Даниловский район, Москва, Центральный федеральный округ, 115191, Россия"
575,POINT (37.6712882 55.6422917),"улица Кошкина, район Москворечье-Сабурово, Москва, Центральный федеральный округ, 115409, Россия"
576,POINT (37.9339457 55.7067545),"улица Недорубова, Люберецкие поля, Некрасовка, Москва, район Некрасовка, Москва, Центральный федеральный округ, 100332, Россия"
577,POINT (37.6141522 55.798404),"5-й проезд Марьиной Рощи, район Марьина Роща, Москва, Центральный федеральный округ, 129594, Россия"
578,POINT (37.7293226 55.8182887),"5-й проезд Подбельского, Богородское, район Богородское, Москва, Центральный федеральный округ, 107150, Россия"
579,POINT (37.4501674 55.7260212),"улица Клочкова, район Фили-Давыдково, Москва, Центральный федеральный округ, 121374, Россия"
580,GEOMETRYCOLLECTION EMPTY,
581,POINT (37.6028595 55.5870665),"улица Кирпичные Выемки, район Чертаново Южное, Москва, Центральный федеральный округ, 117405, Россия"
582,POINT (37.6605619 55.8063913),"3-й Лучевой просек, Москва, район Сокольники, Москва, Центральный федеральный округ, 107014, Россия"
583,POINT (37.7964079 55.6573616),"улица Капотня, район Капотня, Москва, Центральный федеральный округ, 109429, Россия"
584,GEOMETRYCOLLECTION EMPTY,
585,POINT (37.5337494 55.8501412),"3-й Лихачёвский переулок, Головинский район, Москва, Центральный федеральный округ, 125438, Россия"
586,POINT (37.6814776 55.8070275),"6-й Лучевой просек, Москва, район Сокольники, Москва, Центральный федеральный округ, 107014, Россия"
587,POINT (37.6735341 55.7069722),"6-я Кожуховская улица, Южнопортовый район, Москва, Центральный федеральный округ, 115193, Россия"
588,GEOMETRYCOLLECTION EMPTY,
589,POINT (37.3613507 55.6613234),"6-я улица Лазенки, Ново-Переделкино, Москва, Центральный федеральный округ, 119619, Россия"
590,POINT (37.3500889 55.6479908),"6-я улица Новые Сады, Ново-Переделкино, Москва, Центральный федеральный округ, 119619, Россия"
591,POINT (37.6278136 55.7190579),"3-й Павловский переулок, Даниловский район, Москва, Центральный федеральный округ, 115093, Россия"
592,GEOMETRYCOLLECTION EMPTY,
593,GEOMETRYCOLLECTION EMPTY,
594,POINT (37.7000455 55.7125986),"3-й Угрешский проезд, район Печатники, Москва, Центральный федеральный округ, 115088, Россия"
595,GEOMETRYCOLLECTION EMPTY,
596,GEOMETRYCOLLECTION EMPTY,
597,POINT (37.3702036 55.7555251),"3-я Черепковская улица, Москва, район Кунцево, Москва, Центральный федеральный округ, 121500, Россия"
598,GEOMETRYCOLLECTION EMPTY,
599,GEOMETRYCOLLECTION EMPTY,
600,POINT (37.7952148 55.7193127),"4-й Вешняковский проезд, Рязанский район, Москва, Центральный федеральный округ, 109456, Россия"
601,POINT (37.5831655 55.8012202),"4-й Вятский переулок, Савёловский район, Москва, Центральный федеральный округ, 127287, Россия"
602,POINT (37.649942 55.724893),"4-й Кожевнический переулок, Даниловский район, Москва, Центральный федеральный округ, 115114, Россия"
603,POINT (37.5532357 55.9413105),"3-я Северная линия, 4-й микрорайон Северного (Москва), Северный, район Северный, Москва, Центральный федеральный округ, 127204, Россия"
604,POINT (37.6117592 55.7050492),"4-й Рощинский проезд, Даниловский район, Москва, Центральный федеральный округ, 115191, Россия"
605,POINT (37.6560427 55.8171033),"улица Константинова, Алексеевский район, Москва, Центральный федеральный округ, 129164, Россия"
606,POINT (37.3586612 55.9382979),"3-я Подрезковская улица, Молжаниновский район, Новоподрезково, Москва, Центральный федеральный округ, 141411, Россия"
607,POINT (37.5116544 55.7924132),"3-я Песчаная улица, район Сокол, Москва, Центральный федеральный округ, 125252, Россия"
608,POINT (37.7190226 55.8076136),"4-я Гражданская улица, Богородское, район Богородское, Москва, Центральный федеральный округ, 107392, Россия"
609,POINT (37.6286986 55.8192835),"3-я Новоостанкинская улица, Останкинский район, Москва, Центральный федеральный округ, 129515, Россия"
610,POINT (37.7182029 55.741358),"4-я Кабельная улица, район Лефортово, Москва, Центральный федеральный округ, 111024, Россия"
611,POINT (37.5488181 55.5214045),"3-я Железногорская улица, район Южное Бутово, Москва, Центральный федеральный округ, 117623, Россия"
612,POINT (37.5711519 55.8241291),"улица Немчинова, Тимирязевский район, Москва, Центральный федеральный округ, 127434, Россия"
613,POINT (37.7225507 55.8190727),"3-й проезд Подбельского, Богородское, район Богородское, Москва, Центральный федеральный округ, 107150, Россия"
614,POINT (37.605015 55.7964991),"3-й Стрелецкий проезд, район Марьина Роща, Москва, Центральный федеральный округ, 127018, Россия"
615,POINT (37.4413181 55.6704961),"Малая Очаковская улица, район Очаково-Матвеевское, Москва, Центральный федеральный округ, 119361, Россия"
616,POINT (37.6743438 55.7085495),"3-й Кожуховский проезд, Южнопортовый район, Москва, Центральный федеральный округ, 115193, Россия"
617,POINT (37.6238046 55.7422096),"3-й Кадашёвский переулок, район Якиманка, Москва, Центральный федеральный округ, 115035, Россия"
618,POINT (37.3441178 55.8372905),"улица Зенитчиков, район Митино, Москва, Центральный федеральный округ, 125222, Россия"
619,POINT (49.9684679 53.1044703),"проезд Добролюбова, Заводской, Новокуйбышевск, городской округ Новокуйбышевск, Самарская область, Приволжский федеральный округ, 446205, Россия"
620,POINT (37.5389609 55.7999909),"Авиационный переулок, район Аэропорт, Москва, Центральный федеральный округ, 125167, Россия"
621,GEOMETRYCOLLECTION EMPTY,
622,POINT (37.7108153 55.7242412),"Автомобильный проезд, Нижегородский район, Москва, Центральный федеральный округ, 109052, Россия"
623,POINT (37.4474599 55.7262398),"улица Красных Зорь, Москва, Можайский район, Москва, Центральный федеральный округ, 121355, Россия"
624,GEOMETRYCOLLECTION EMPTY,
625,POINT (37.5759781 55.5065862),"улица Захарьинские Дворики, район Южное Бутово, Милицейский посёлок, Москва, Центральный федеральный округ, 142002, Россия"
626,POINT (37.4919784 55.7375317),"2-я Филёвская улица, район Филёвский Парк, Москва, Центральный федеральный округ, 121096, Россия"
627,GEOMETRYCOLLECTION EMPTY,
628,GEOMETRYCOLLECTION EMPTY,
629,POINT (37.6642251 55.7293932),"улица Крутицкий Вал, Южнопортовый район, Москва, Центральный федеральный округ, 109044, Россия"
630,GEOMETRYCOLLECTION EMPTY,
631,POINT (37.7076266 55.8041812),"Алымов переулок, Богородское, район Богородское, Москва, Центральный федеральный округ, 107258, Россия"
632,POINT (37.6834174 55.7874494),"2-я Сокольническая улица, Сокольники, Москва, район Сокольники, Москва, Центральный федеральный округ, 107014, Россия"
633,POINT (37.6453258 55.7636209),"улица Жуковского, Басманный район, Москва, Центральный федеральный округ, 101000, Россия"
634,POINT (37.6828636 55.7843876),"улица Жебрунова, Сокольники, Москва, район Сокольники, Москва, Центральный федеральный округ, 107014, Россия"
635,POINT (37.4272449 55.7318424),"улица Екатерины Будановой, Москва, район Кунцево, Москва, Центральный федеральный округ, 121351, Россия"
636,POINT (37.7099368 55.8152686),"Андреево-Забелинская улица, Богородское, район Богородское, Москва, Центральный федеральный округ, 107564, Россия"
637,POINT (37.6086555 55.794821),"2-я Ямская улица, район Марьина Роща, Москва, Центральный федеральный округ, 127018, Россия"
638,GEOMETRYCOLLECTION EMPTY,
639,POINT (37.709059 55.7988856),"2-я улица Бухвостова, район Преображенское, Москва, Центральный федеральный округ, 107076, Россия"
640,GEOMETRYCOLLECTION EMPTY,
641,POINT (37.6222789 55.6005695),"3-й Дорожный проезд, район Чертаново Южное, Москва, Центральный федеральный округ, 117535, Россия"
642,POINT (37.5728107 55.7398145),"7-й Ростовский переулок, 540, район Хамовники, Москва, Центральный федеральный округ, 119121, Россия"
643,POINT (29.9598082 59.8729217),"улица Знаменка, Знаменка, Петергоф, Санкт-Петербург, Северо-Западный федеральный округ, 198517, Россия"
644,POINT (37.5467964 55.5914724),"улица Инессы Арманд, район Ясенево, Москва, Центральный федеральный округ, 117463, Россия"
645,GEOMETRYCOLLECTION EMPTY,
646,POINT (37.5539892 55.9402953),"7-я Северная линия, 4-й микрорайон Северного (Москва), Северный, район Северный, Москва, Центральный федеральный округ, 127204, Россия"
647,POINT (37.3514358 55.659501),"7-я улица Лазенки, Ново-Переделкино, Москва, Центральный федеральный округ, 119619, Россия"
648,GEOMETRYCOLLECTION EMPTY,
649,GEOMETRYCOLLECTION EMPTY,
650,POINT (37.441286 55.7155663),"Гжатская улица, Москва, Можайский район, Москва, Центральный федеральный округ, 121471, Россия"
651,POINT (37.7272388 55.749305),"2-я улица Энтузиастов, ОАО «Компрессор», район Перово, Москва, Центральный федеральный округ, 111024, Россия"
652,GEOMETRYCOLLECTION EMPTY,
653,POINT (37.6052604 55.801034),"8-й проезд Марьиной Рощи, район Марьина Роща, Москва, Центральный федеральный округ, 127521, Россия"
654,POINT (37.7412446 55.7683227),"8-я улица Соколиной Горы, район Соколиная Гора, Москва, Центральный федеральный округ, 105275, Россия"
655,GEOMETRYCOLLECTION EMPTY,
656,GEOMETRYCOLLECTION EMPTY,
657,POINT (37.6190729 55.7975193),"2-я улица Марьиной Рощи, район Марьина Роща, Москва, Центральный федеральный округ, 129594, Россия"
658,GEOMETRYCOLLECTION EMPTY,
659,GEOMETRYCOLLECTION EMPTY,
660,POINT (37.5684445 55.5740005),"улица Знаменские Садки, район Северное Бутово, Москва, Центральный федеральный округ, 117628, Россия"
661,GEOMETRYCOLLECTION EMPTY,
662,POINT (37.5795175 55.5441772),"Большая Бутовская улица, район Южное Бутово, Москва, Центральный федеральный округ, 117623, Россия"
663,POINT (37.4188974 55.8333986),"1-й Тушинский проезд, Микрорайон №13, район Покровское-Стрешнево, Москва, Центральный федеральный округ, 125371, Россия"
664,POINT (37.6745363 55.7364689),"Брошевский переулок, Таганский район, Москва, Центральный федеральный округ, 109147, Россия"
665,POINT (37.6937264 55.7914531),"1-я Боевская улица, Сокольники, Москва, район Сокольники, Москва, Центральный федеральный округ, 107076, Россия"
666,POINT (37.6656232 55.8315255),"Будайская улица, Ростокино, Москва, район Ростокино, Москва, Центральный федеральный округ, 129128, Россия"
667,POINT (37.5361478 55.8009594),"1-я Аэропортовская улица, район Аэропорт, Москва, Центральный федеральный округ, 125319, Россия"
668,POINT (37.6661987 55.8351276),"Будайский проезд, Ростокино, Москва, район Ростокино, Москва, Центральный федеральный округ, 129128, Россия"
669,POINT (37.6381709 55.7746537),"1-й Коптельский переулок, Мещанский район, Москва, Центральный федеральный округ, 129090, Россия"
670,POINT (37.6167398 55.7369847),"Бродников переулок, район Якиманка, Москва, Центральный федеральный округ, 119180, Россия"
671,POINT (37.3516905 55.837355),"Волоцкой переулок, район Митино, Москва, Центральный федеральный округ, 125222, Россия"
672,POINT (37.2648563 55.6477264),"Киевская улица, Внуково, поселение Внуковское, Москва, Центральный федеральный округ, 142750, Россия"
673,POINT (37.645867 55.7442015),"1-й Котельнический переулок, Таганский район, Москва, Центральный федеральный округ, 109240, Россия"
674,POINT (37.707069 55.797017),"улица Атарбекова, район Преображенское, Москва, Центральный федеральный округ, 107076, Россия"
675,POINT (37.737327 55.7014703),"улица Артюхиной, район Текстильщики, Москва, Центральный федеральный округ, 109390, Россия"
676,POINT (37.5007698 55.6438321),"улица Академика Опарина, Обручевский район, Москва, Центральный федеральный округ, 117513, Россия"
677,GEOMETRYCOLLECTION EMPTY,
678,POINT (37.6222746 55.7945647),"1-й проезд Марьиной Рощи, район Марьина Роща, Москва, Центральный федеральный округ, 129594, Россия"
679,GEOMETRYCOLLECTION EMPTY,
680,POINT (37.6591378 55.7047917),"1-й Кожуховский проезд, Даниловский район, Москва, Центральный федеральный округ, 115432, Россия"
681,POINT (37.6384466 55.7785876),"Ботанический переулок, Мещанский район, Москва, Центральный федеральный округ, 129090, Россия"
682,POINT (37.6203475 55.7123059),"Bô, 74, Мытная улица, Даниловский район, Москва, Центральный федеральный округ, 113093, Россия"
683,POINT (37.599517 55.7414223),"1-й Зачатьевский переулок, 33, район Хамовники, Москва, Центральный федеральный округ, 119034, Россия"
684,POINT (37.7329816 55.7781703),"1-й Кирпичный переулок, район Соколиная Гора, Москва, Центральный федеральный округ, 105118, Россия"
685,POINT (37.6018539 55.7702195),"Воротниковский переулок, 49, Тверской район, Москва, Центральный федеральный округ, 127006, Россия"
686,GEOMETRYCOLLECTION EMPTY,
687,POINT (37.7255411 55.7808958),"улица Благуша, район Соколиная Гора, Москва, Центральный федеральный округ, 105318, Россия"
688,GEOMETRYCOLLECTION EMPTY,
689,POINT (37.6473114 55.727018),"1-й Кожевнический переулок, Даниловский район, Москва, Центральный федеральный округ, 115114, Россия"
690,GEOMETRYCOLLECTION EMPTY,
691,GEOMETRYCOLLECTION EMPTY,
692,POINT (37.7163908 55.7690739),"Боровая улица, район Лефортово, Москва, Центральный федеральный округ, 111020, Россия"
693,POINT (37.3908003 55.6548821),"Боровский проезд, район Солнцево, Москва, Центральный федеральный округ, 119619, Россия"
694,POINT (37.6521392 55.7442385),"улица Высоцкого, Таганский район, Москва, Центральный федеральный округ, 109240, Россия"
695,POINT (37.5075093 55.6871847),"Боровское шоссе, район Раменки, Москва, Центральный федеральный округ, 119331, Россия"
696,GEOMETRYCOLLECTION EMPTY,
697,POINT (37.88769 55.7186579),"улица Медведева, Кожухово, район Косино-Ухтомский, Москва, Центральный федеральный округ, 125009, Россия"
698,POINT (37.5965689 55.8301186),"улица Академика Комарова, район Марфино, Москва, Центральный федеральный округ, 127276, Россия"
699,POINT (37.4660437 55.7976619),"улица Максимова, Октябрьское Поле, район Щукино, Москва, Центральный федеральный округ, 123098, Россия"
700,POINT (37.3949031 55.7399597),"улица Академика Павлова, Кунцево, Москва, район Кунцево, Москва, Центральный федеральный округ, 121359, Россия"
701,POINT (37.6276799 55.7324285),"1-й Монетчиковский переулок, район Замоскворечье, Москва, Центральный федеральный округ, 115054, Россия"
702,POINT (37.5385286 55.7327443),"1-й Сетуньский проезд, Сетунь, район Раменки, Москва, Центральный федеральный округ, 121357, Россия"
703,POINT (37.8056308 55.7477237),"улица Алексея Дикого, район Новогиреево, Москва, Центральный федеральный округ, 111396, Россия"
704,POINT (37.5054555 55.5422517),"улица Академика Семёнова, район Южное Бутово, Москва, Центральный федеральный округ, 117041, Россия"
705,GEOMETRYCOLLECTION EMPTY,
706,POINT (37.6474053 55.8320438),"1-й Сельскохозяйственный проезд, Ростокино, Москва, район Ростокино, Москва, Центральный федеральный округ, 129226, Россия"
707,POINT (37.5527995 55.7597194),"улица Анатолия Живова, Пресненский район, Москва, Центральный федеральный округ, 123100, Россия"
708,POINT (37.5739385 55.7786669),"Верхняя улица, район Беговой, Москва, Центральный федеральный округ, 125040, Россия"
709,POINT (37.5823116 55.7485795),"1-й Николощеповский переулок, район Арбат, Москва, Центральный федеральный округ, 121099, Россия"
710,POINT (37.7687394 55.8252068),"Вербная улица, район Метрогородок, Москва, Центральный федеральный округ, 107143, Россия"
711,POINT (37.6564122 55.8093658),"1-й Рижский переулок, Алексеевский район, Москва, Центральный федеральный округ, 129626, Россия"
712,POINT (37.6024748 55.7431835),"1-й Обыденский переулок, 33, район Хамовники, Москва, Центральный федеральный округ, 119034, Россия"
713,POINT (37.6799671 55.7504758),"Верхний Золоторожский переулок, район Лефортово, Москва, Центральный федеральный округ, 111033, Россия"
714,GEOMETRYCOLLECTION EMPTY,
715,POINT (37.7349731 55.7117851),"1-й Саратовский проезд, район Текстильщики, Москва, Центральный федеральный округ, 109125, Россия"
716,POINT (37.5117511 55.7700593),"1-й Силикатный проезд, район Хорошёво-Мнёвники, Москва, Центральный федеральный округ, 123007, Россия"
717,POINT (37.5188926 55.7665649),"1-й Магистральный тупик, Хорошёвский район, Москва, Центральный федеральный округ, 123290, Россия"
718,GEOMETRYCOLLECTION EMPTY,
719,GEOMETRYCOLLECTION EMPTY,
720,POINT (37.6997994 55.7639734),"1-й Краснокурсантский проезд, район Лефортово, Москва, Центральный федеральный округ, 111250, Россия"
721,POINT (37.5355374 55.898257),"Вагоноремонтная улица, Дмитровский, Москва, Дмитровский район, Москва, Центральный федеральный округ, 127411, Россия"
722,POINT (37.607507 55.7198386),"улица Академика Петровского, Донской район, Москва, Центральный федеральный округ, 115419, Россия"
723,POINT (37.6996974 55.6564327),"1-й Курьяновский проезд, район Печатники, Москва, Центральный федеральный округ, 109235, Россия"
724,GEOMETRYCOLLECTION EMPTY,
725,POINT (37.4933592 55.6997099),"Винницкая улица, посёлок Матвеевское, район Раменки, Москва, Центральный федеральный округ, 119192, Россия"
726,POINT (37.6571972 55.7974054),"1-й Лучевой просек, Москва, район Сокольники, Москва, Центральный федеральный округ, 107113, Россия"
727,POINT (37.6262398 55.7632952),"Варсонофьевский переулок, Мещанский район, Москва, Центральный федеральный округ, 107031, Россия"
728,GEOMETRYCOLLECTION EMPTY,
729,GEOMETRYCOLLECTION EMPTY,
730,POINT (37.6213222 55.7277208),"1-й Люсиновский переулок, район Замоскворечье, Москва, Центральный федеральный округ, 119049, Россия"
731,POINT (37.614869 55.7334048),"1-й Спасоналивковский переулок, район Якиманка, Москва, Центральный федеральный округ, 119049, Россия"
732,POINT (37.4993128 55.5338819),"улица Академика Понтрягина, район Южное Бутово, Москва, Центральный федеральный округ, 108801, Россия"
733,GEOMETRYCOLLECTION EMPTY,
734,POINT (37.6022513 55.7384051),"Бутиковский переулок, район Хамовники, Москва, Центральный федеральный округ, 119034, Россия"
735,POINT (37.6451504 55.7551554),"Большой Трёхсвятительский переулок, Ивановская горка, Басманный район, Москва, Центральный федеральный округ, 109028, Россия"
736,GEOMETRYCOLLECTION EMPTY,
737,POINT (37.708323 55.8085062),"1-я Гражданская улица, Богородское, район Богородское, Москва, Центральный федеральный округ, 107564, Россия"
738,GEOMETRYCOLLECTION EMPTY,
739,POINT (37.6032508 55.7489886),"Большой Знаменский переулок, 35, район Арбат, Москва, Центральный федеральный округ, 119019, Россия"
740,POINT (37.6256164 55.7362434),"улица Малая Ордынка, район Замоскворечье, Москва, Центральный федеральный округ, 119017, Россия"
741,POINT (37.6552091 55.7601),"Большой Казённый переулок, Ивановская горка, Басманный район, Москва, Центральный федеральный округ, 105064, Россия"
742,POINT (37.4025874 55.7153184),"Вяземская улица, Сетунь, Можайский, Москва, Можайский район, Москва, Центральный федеральный округ, 121596, Россия"
743,POINT (37.6536157 55.7368904),"улица Малые Каменщики, Таганский район, Москва, Центральный федеральный округ, 115172, Россия"
744,POINT (37.3600652 55.6560886),"1-я Чоботовская аллея, Ново-Переделкино, Москва, Центральный федеральный округ, 119619, Россия"
745,GEOMETRYCOLLECTION EMPTY,
746,POINT (37.6258994 55.7647957),"Большой Кисельный переулок, Мещанский район, Москва, Центральный федеральный округ, 107031, Россия"
747,POINT (37.7314849 55.7949687),"1-я Пугачёвская улица, район Преображенское, Москва, Центральный федеральный округ, 107553, Россия"
748,POINT (37.6119041 55.7377224),"1-й Голутвинский переулок, район Якиманка, Москва, Центральный федеральный округ, 119180, Россия"
749,POINT (37.5183457 55.6454808),"Дом книги, 18 к1, улица Миклухо-Маклая, район Коньково, Москва, Центральный федеральный округ, 117437, Россия"
750,POINT (37.6941933 55.8809739),"1-я Напрудная улица, Лосиноостровский район, Москва, Центральный федеральный округ, 129346, Россия"
751,POINT (37.4886214 55.7943732),"улица Маршала Мерецкова, район Щукино, Москва, Центральный федеральный округ, 123060, Россия"
752,POINT (37.7916942 55.7236334),"1-й Вешняковский проезд, Рязанский район, Москва, Центральный федеральный округ, 109456, Россия"
753,POINT (37.4373152 55.7816209),"1-я линия Хорошёвского Серебряного Бора, район Хорошёво-Мнёвники, Москва, Центральный федеральный округ, 123103, Россия"
754,POINT (37.7529795 55.7117918),"улица Васильцовский Стан, Рязанский район, Москва, Центральный федеральный округ, 109125, Россия"
755,POINT (37.635026 55.8467046),"1-й Ботанический проезд, Свиблово, район Свиблово, Москва, Центральный федеральный округ, 129323, Россия"
756,POINT (65.621869 55.4718364),"Полевая улица, микрорайон Лесная усадьба, Колташево, Колташевский сельсовет, Кетовский район, Курганская область, Уральский федеральный округ, Россия"
757,GEOMETRYCOLLECTION EMPTY,
758,POINT (37.4240561 55.7233834),"Гвардейская улица, Можайский, Москва, Можайский район, Москва, Центральный федеральный округ, 121471, Россия"
759,POINT (37.8054255 55.7971465),"11-я Парковая улица, район Восточное Измайлово, Москва, Центральный федеральный округ, 105077, Россия"
760,POINT (37.7450734 55.7602505),"Гаражная улица, район Соколиная Гора, Москва, Центральный федеральный округ, 105275, Россия"
761,POINT (30.976992 54.2935998),"Погодинская улица, Горки, Горецкий район, Могилёвская область, 213407, Беларусь"
762,GEOMETRYCOLLECTION EMPTY,
763,GEOMETRYCOLLECTION EMPTY,
764,POINT (37.6267052 55.6938269),"Новоданиловская набережная, Донской район, Москва, Центральный федеральный округ, 117105, Россия"
765,POINT (37.6848638 55.8109298),"Большая Ширяевская улица, Москва, район Сокольники, Москва, Центральный федеральный округ, 107014, Россия"
766,POINT (37.5186275 55.8097823),"1-й Балтийский переулок, район Аэропорт, Москва, Центральный федеральный округ, 125315, Россия"
767,POINT (37.6634419 55.7709244),"1-й Басманный переулок, Басманный район, Москва, Центральный федеральный округ, 178855, Россия"
768,POINT (37.5886058 55.6430094),"Большая Юшуньская улица, район Зюзино, Москва, Центральный федеральный округ, 117303, Россия"
769,POINT (37.5971883 55.7510351),"Большой Афанасьевский переулок, 35, район Арбат, Москва, Центральный федеральный округ, 119019, Россия"
770,POINT (37.7314217 55.7287949),"Газгольдерная улица, Нижегородский район, Москва, Центральный федеральный округ, 109391, Россия"
771,GEOMETRYCOLLECTION EMPTY,
772,POINT (37.4681775 55.8021218),"улица Маршала Новикова, район Щукино, Москва, Центральный федеральный округ, 123098, Россия"
773,POINT (37.5584796 55.7463152),"улица Можайский Вал, район Дорогомилово, Москва, Центральный федеральный округ, 121059, Россия"
774,POINT (37.4598415 55.8130049),"Врачебный проезд, район Покровское-Стрешнево, Москва, Центральный федеральный округ, 125367, Россия"
775,POINT (37.3952216 55.6527782),"улица Богданова, район Солнцево, Москва, Центральный федеральный округ, 119620, Россия"
776,POINT (37.673083 55.6349929),"улица Медиков, район Царицыно, Москва, Центральный федеральный округ, 115304, Россия"
777,GEOMETRYCOLLECTION EMPTY,
778,POINT (37.7327453 55.7732992),"улица Бориса Жигулёнкова, район Соколиная Гора, Москва, Центральный федеральный округ, 105679, Россия"
779,POINT (37.6307557 55.7280854),"Большой Строченовский переулок, район Замоскворечье, Москва, Центральный федеральный округ, 115054, Россия"
780,POINT (37.6967626 55.7749486),"улица Новая Дорога, Басманный район, Москва, Центральный федеральный округ, 125635, Россия"
781,POINT (37.5765155 55.500158),"улица Брусилова, район Южное Бутово, Милицейский посёлок, Москва, Центральный федеральный округ, 117623, Россия"
782,POINT (37.67539 55.7295002),"Большой Симоновский переулок, Таганский район, Москва, Центральный федеральный округ, 109316, Россия"
783,GEOMETRYCOLLECTION EMPTY,
784,POINT (37.5904659 55.7504695),"Большой Николопесковский переулок, район Арбат, Москва, Центральный федеральный округ, 119002, Россия"
785,POINT (37.7561281 55.7360917),"1-я Карачаровская улица, Карачарово, Нижегородский район, Москва, Центральный федеральный округ, 109202, Россия"
786,POINT (37.5664556 55.7601512),"Большой Предтеченский переулок, Пресненский район, Москва, Центральный федеральный округ, 123022, Россия"
787,POINT (37.6626169 55.7522456),"Большой Полуярославский переулок, Таганский район, Москва, Центральный федеральный округ, 105120, Россия"
788,POINT (37.5131853 55.5425272),"улица Бунинская Аллея, район Южное Бутово, Москва, Центральный федеральный округ, 117041, Россия"
789,POINT (37.6303343 55.7348773),"1-й Новокузнецкий переулок, район Замоскворечье, Москва, Центральный федеральный округ, 115184, Россия"
790,POINT (37.6277465 55.7797544),"Выползов переулок, Мещанский район, Москва, Центральный федеральный округ, 129090, Россия"
791,POINT (37.6494653 55.6786018),"Высокая улица, район Нагатино-Садовники, Москва, Центральный федеральный округ, 115533, Россия"
792,POINT (37.5956838 55.7796348),"1-я Миусская улица, Тверской район, Москва, Центральный федеральный округ, 125047, Россия"
